พัฒนา	phat3-tha3-na0
มาตรา	mat2-tra0
กรณี	ko0-ra3-ni0
พิจารณา	phi3-cha0-ra3-na0
ราช-	rat2-cha3
สมาชิก	sa1-ma0-chik3
อัตรา	at1-tra0
กรรมการ	kam0-ma3-kan0
บัญญัติ	ban0-yat1
พฤติกรรม	phruet3-ti1-kam0
คุณภาพ	khun0-na3-phap2
ศาสนา	sat1-sa1-na4
กิจกรรม	kit1-cha1-kam0
กิจการ	kit1-cha1-kan0
ข้าพเจ้า	kha2-pha3-chao2
ทฤษฎี	thrit3-sa1-di0
สหรัฐ	sa1-ha1-rat3
มาตรฐาน	mat2-tra1-than4
เจตนา	chet1-ta1-na0
พลัง	pha3-lang0
นายก	na0-yok3
รัฐมนตรี	rat3-tha1-mon0-tri0
เอกสาร	ek1-ka1-san4
เอกชน	ek1-ka1-chon0
ปริมาณ	pa1-ri3-man0
รัฐธรรมนูญ	rat3-tha1-tham0-ma3-nun0
อันตราย	an0-ta1-rai0
ประวัติศาสตร์	pra1-wat1-ti1-sat1
ภาพยนตร์	phap2-pha3-yon0
เพชร	phet3
สำเร็จ	sam4-ret1
คุณสมบัติ	khun0-na3-som4-bat1
ประชาธิปไตย	pra1-cha0-thip3-pa1-tai0
เรียกร้อง	riak2-rong3
เกษตรกร	ka1-set1-ta1-kon0
อิสระ	it1-sa1-ra1
สำรวจ	sam4-ruat1
อุปกรณ์	u1-pa1-kon0
มาตรการ	mat2-tra1-kan0
พุทธ	phut3
พุทธ-	phut3-tha3
ชนบท	chon0-na3-bot1
สมาคม	sa1-ma0-khom0
เทคนิค	thek3-nik1
กำเนิด	kam0-noet1
โทรทัศน์	tho0-ra3-that3
บดี	bo0-di0
คอมพิวเตอร์	khom0-phio0-toe2
เมตร	met3
กิโลเมตร	ki1-lo0-met3
โฆษณา	kho0-sa1-na0
รัชกาล	rat3-cha3-kan0
สตรี	sa1-tri0
วิทยา	wit3-tha3-ya0
ทรัพยากร	sap3-pha3-ya0-kon0
เจรจา	che0-ra3-cha0
สมาธิ	sa1-ma0-thi3
ศิลปิน	sin4-la3-pin0
ปรารถนา	prat1-tha1-na4
วิทยุ	wit3-tha3-yu3
ทศวรรษ	thot3-sa1-wat3
ศีรษะ	si4-sa1
อร่อย	a1-roi1
สัญลักษณ์	san4-ya3-lak3
รูปร่าง	rup2-rang2
ตกลง	tok1-long0
โทร	tho0
รัฐสภา	rat3-tha1-sa1-pha0
นิตยสาร	nit3-ta1-ya3-san4
เกียรติ	kiat1
ปราศจาก	prat1-sa1-chak1
สนทนา	son4-tha3-na0
วรรณคดี	wan0-na3-kha3-di0
ศีลธรรม	sin4-la3-tham0
ปลัด	pa1-lat1
อุปสรรค	u1-pa1-sak1
ปรกติ	prok1-ka1-ti1
เศรษฐ-	set1-tha1
ประพฤติ	pra1-phruet3
ศตวรรษ	sa1-ta1-wat3
ศัตรู	sat1-tru0
ราษฎร	rat2-sa1-don0
อวัยวะ	a1-wai0-ya3-wa3
จริยธรรม	cha1-ri3-ya3-tham0
บรม	bo0-rom0
กวี	ka1-wi0
ศักยภาพ	sak1-ka1-ya3-phap2
วัสดุ	wat3-sa1-du1
อุบัติเหตุ	u1-bat1-ti1-het1
จิตวิทยา	chit1-ta1-wit3-tha3-ya0
ธาตุ	that2
ศุลกากร	sun4-la3-ka0-kon0
อพยพ	op1-pha3-yop3
ภารกิจ	pha0-ra3-kit1
สิงคโปร์	sing4-kha3-po0
สถานภาพ	sa1-tha4-na3-phap2
คุณธรรม	khun0-na3-tham0
เยอรมัน	yoe0-ra3-man0
สมมติ	som4-mot3
ศิริ	si1-ri1
สิริ	si1-ri1
วรรณกรรม	wan0-na3-kam0
ทัศนคติ	that3-sa1-na3-kha3-ti1
มหาดไทย	ma3-hat1-thai0
ขโมย	kha1-moi0
สมการ	sa1-ma3-kan0
เอกลักษณ์	ek1-ka1-lak3
ประมาท	pra1-mat1
ทัศนะ	that3-sa1-na3
มุสลิม	mut3-sa1-lim0
วุฒิ	wut3-thi3
คุณวุฒิ	khun0-na3-wut3
มรดก	mo0-ra3-dok1
ผู้สมัคร	phu2-sa1-mak1
รัฐประหาร	rat3-tha1-pra1-han4
รัฐศาสตร์	rat3-tha1-sat1
รัฐวิสาหกิจ	rat3-tha1-wi3-sa4-ha1-kit1
ทุจริต	thut3-cha1-rit1
สุจริต	sut1-cha1-rit1
จักรยาน	chak1-kra1-yan0
จักรวาล	chak1-kra1-wan0
จักรพรรดิ	chak1-kra1-phat3
เกษตรกรรม	ka1-set1-ta1-kam0
เทศบาล	thet2-sa1-ban0
เทศกาล	thet2-sa1-kan0
ตุ๊กตา	tuk3-ka1-ta0
พิพิธภัณฑ์	phi3-phit3-tha3-phan0
สถาปัตยกรรม	sa1-tha4-pat1-ta1-ya3-kam0
มารยาท	ma0-ra3-yat2
ยุทธ	yut3
ยุทธ-	yut3-tha3
อิเล็กทรอนิกส์	i1-lek3-thro0-nik1
เซอร์	soe2
คมนาคม	kha3-ma3-na0-khom0
วิกฤติ	wi3-krit1
รูปธรรม	rup2-pa1-tham0
นามธรรม	nam0-ma3-tham0
ดัชนี	dat1-cha3-ni0
พลเรือน	phon0-la3-ruean0
พลเมือง	phon0-la3-mueang0
บัณฑิต	ban0-dit1
บารมี	ba0-ra3-mi0
เมเจอร์	me0-choe2
กรุณา	ka1-ru3-na0
สกปรก	sok1-ka1-prok1
เสถียรภาพ	sa1-thian4-ra3-phap2
นิทรรศการ	ni3-that3-sa1-kan0
บุคลิก	buk1-kha3-lik3
บุคลิกภาพ	buk1-kha3-lik3-ka1-phap2
บุคลากร	buk1-kha3-la0-kon0
ธรรมะ	tham0-ma3
กิเลส	ki1-let1
รณรงค์	ron0-na3-rong0
อารยธรรม	a0-ra3-ya3-tham0
เทวดา	the0-wa3-da0
วิพากษ์	wi3-phak2
พัสดุ	phat3-sa1-du1
สมานฉันท์	sa1-man0-chan4
อัยการ	ai0-ya3-kan0
สารสนเทศ	sa4-ra3-son4-thet2
คุณลักษณะ	khun0-na3-lak3-sa1-na1
อนึ่ง	a1-nueng1
บรรพบุรุษ	ban0-pha3-bu1-rut3
กฤษฎีกา	krit1-sa1-di0-ka0
ปริญญา	pa1-rin0-ya0
สิทธิมนุษยชน	sit1-thi3-ma3-nut3-sa1-ya3-chon0
มัธยม	mat3-tha3-yom0
สารพัด	sa4-ra3-phat3
เทป	thep3
อัลบั้ม	an0-la3-bam2
อุดมคติ	u1-dom0-kha3-ti1
ธรรมศาสตร์	tham0-ma3-sat1
พรรณนา	phan0-na3-na0
สมรรถภาพ	sa1-mat1-tha1-phap2
สมรรถนะ	sa1-mat1-tha1-na3
กายภาพ	kai0-ya3-phap2
สโมสร	sa1-mo0-son4
อัตโนมัติ	at1-ta1-no0-mat3
อุปถัมภ์	u1-pa1-tham4
วิวัฒนาการ	wi3-wat3-tha3-na0-kan0
ภูมิ	phum0
ภูมิใจ	phum0-chai0
ภูมิภาค	phu0-mi3-phak2
ภูมิศาสตร์	phu0-mi3-sat1
ภูมิปัญญา	phu0-mi3-pan0-ya0
ภาชนะ	pha0-cha3-na3
กลาโหม	ka1-la0-hom4
สารภาพ	sa4-ra3-phap2
พรหม	phrom0
พราหมณ์	phram0
กลยุทธ์	kon0-la3-yut3
กลวิธี	kon0-la3-wi3-thi0
รัตน-	rat3-ta1-na3
สมมุติ	som4-mut3
สมมุติฐาน	som4-mut3-ti1-than4
สมมติฐาน	som4-mot3-ti1-than4
โชติ	chot2
มหัศจรรย์	ma3-hat1-sa1-chan0
จิตรกรรม	chit1-tra1-kam0
จิตรกร	chit1-tra1-kon0
สห-	sa1-ha1
เอกราช	ek1-ka1-rat2
พฤติการณ์	phruet3-ti1-kan0
การ์ด	kat3
อิสรภาพ	it1-sa1-ra1-phap2
วัฒนา	wat3-tha3-na0
เสียสละ	sia4-sa1-la1
สันสกฤต	san4-sa1-krit1
อิสลาม	it1-sa1-lam4
รัศมี	rat3-sa1-mi4
ชาติพันธุ์	chat2-ti1-phan0
ภาวนา	pha0-wa3-na0
เทพเจ้า	thep2-pha3-chao2
วารสาร	wa0-ra3-san4
สถาปนา	sa1-tha4-pa1-na0
สถาปนิก	sa1-tha4-pa1-nik3
กรรมสิทธิ์	kam0-ma3-sit1
พิษณุโลก	phit3-sa1-nu3-lok2
บูรณาการ	bu0-ra3-na0-kan0
บูรณะ	bu0-ra3-na3
พุทธศักราช	phut3-tha3-sak1-ka1-rat1
อิสราเอล	it1-sa1-ra0-en0
แอฟริกา	ae0-fri3-ka0
ประชามติ	pra1-cha0-ma3-ti1
ชินวัตร	chin0-na3-wat3
ชลประทาน	chon0-la3-pra1-than0
อุทกภัย	u1-thok3-ka1-phai0
ปัจเจก	pat1-chek1
ปัจเจกบุคคล	pat1-chek1-ka1-buk1-khon0
เจตนารมณ์	chet1-ta1-na0-rom0
นันทนาการ	nan0-tha3-na0-kan0
คณิตศาสตร์	kha3-nit3-ta1-sat1
คณิต	kha3-nit3
ปรัมปรา	pa1-ram0-pa1-ra0
เยอรมนี	yoe0-ra3-ma3-ni0
อคติ	a1-kha3-ti1
สรรพสิ่ง	sap1-pha3-sing1
สรรพ-	sap1-pha3
กรรมกร	kam0-ma3-kon0
สาธารณรัฐ	sa4-tha0-ra3-na3-rat3
มานุษยวิทยา	ma0-nut3-sa1-ya3-wit3-tha3-ya0
สัญชาตญาณ	san4-chat2-ta1-yan0
พงศาวดาร	phong0-sa4-wa3-dan0
อุปทาน	u1-pa1-than0
มิตรภาพ	mit3-tra1-phap2
มอเตอร์	mo0-toe2
มอเตอร์ไซค์	mo0-toe2-sai0
ดำริ	dam0-ri1
กราฟ	krap3
เอกภาพ	ek1-ka1-phap2
บูรพา	bu0-ra3-pha0
นวัตกรรม	na3-wat3-ta1-kam0
เวทนา	wet2-tha3-na0
วิกฤตการณ์	wi3-krit1-ta1-kan0
ศิลป-	sin4-la3-pa1
คึกฤทธิ์	khuek3-rit3
หลอกลวง	lok1-luang0
เพชรบุรี	phet3-cha3-bu1-ri0
สมบูรณาญาสิทธิราชย์	som4-bu0-ra3-na0-ya0-sit1-thi3-rat2
พยาธิ	pha3-yat2
ปริมณฑล	pa1-ri3-mon0-thon0
ศิลปากร	sin4-la3-pa0-kon0
โภชนาการ	pho0-cha3-na0-kan0
โภชนา	pho0-cha3-na0
วาทกรรม	wa0-tha3-kam0
สุวรรณภูมิ	su1-wan0-na3-phum0
ดรุณี	da1-ru3-ni0
วิปัสสนา	wi3-pat1-sa1-na0
เทค	thek3
ฤา	rue0
ไอศกรีม	ai0-sa1-krim0
เฟอร์นิเจอร์	foe0-ni3-choe2
อุทยาน	u1-tha3-yan0
อธิปไตย	a1-thip3-pa1-tai0
วิศว-	wit3-sa1-wa3
วิษณุ	wit3-sa1-nu3
มนุษย-	ma3-nut3-sa1-ya3
กรรมฐาน	kam0-ma3-than4
เวชกรรม	wet2-cha3-kam0
ทว่า	tha3-wa2
จุลจอมเกล้า	chun0-la3-chom0-klao2
ลิขสิทธิ์	lik3-kha1-sit1
อุปการะ	u1-pa1-ka0-ra3
เขย่า	kha1-yao1
อัธยาศัย	at1-tha3-ya0-sai4
กฤษณา	krit1-sa1-na4
เกียรติยศ	kiat1-ti1-yot3
ฆาตกรรม	khat2-ta1-kam0
ฆาตกร	khat2-ta1-kon0
บวร	ba1-won0
อุปนิสัย	u1-pa1-ni3-sai4
เดวิด	de0-wit3
อัศจรรย์	at1-sa1-chan0
อุปโภค	u1-pa1-phok2
ประกาศนียบัตร	pra1-kat1-sa1-ni0-ya3-bat1
อาทร	a0-thon0
วิทยากร	wit3-tha3-ya0-kon0
วาสนา	wat2-sa1-na4
ปริยาย	pa1-ri3-yai0
ปาฐกถา	pa0-tha1-ka1-tha4
อมตะ	a1-ma3-ta1
ชันสูตร	chan0-na3-sut1
ทรรศนะ	that3-sa1-na3
ระเหย	ra3-hoei4
กัลยา	kan0-la3-ya0
เซ็นเตอร์	sen0-toe2
อากาศยาน	a0-kat1-sa1-yan0
ยีราฟ	yi0-rap3
อัมพาต	am0-ma3-phat2
จระเข้	cho0-ra3-khe2
เทรนด์	tren0
ปริศนา	prit1-sa1-na4
อียิปต์	i0-yip1
พจนานุกรม	phot3-cha1-na0-nu3-krom0
มหรสพ	ma3-ho4-ra3-sop1
ธนบัตร	tha3-na3-bat1
สารวัตร	sa4-ra3-wat3
ชีพจร	chip2-pha3-chon0
ธุรกรรม	thu3-ra3-kam0
เต็นท์	ten3
เมรุ	men0
เคาน์เตอร์	khao0-toe2
รัช-	rat3-cha3
สวรรคต	sa1-wan4-na3-khot3
กรรมวิธี	kam0-ma3-wi3-thi0
สัจธรรม	sat1-cha1-tham0
นครินทร์	na3-kha3-rin0
องครักษ์	ong0-kha3-rak3
ศักราช	sak1-ka1-rat1
ปรอท	pa1-rot1
จิตแพทย์	chit1-ta1-phaet2
พิสดาร	phit3-sa1-dan0
อัญมณี	an0-ya3-ma3-ni0
อนุสาวรีย์	a1-nu3-sa4-wa3-ri0
สัมฤทธิ์	sam4-rit3
จักรี	chak1-kri0
ปีเตอร์	pi0-toe2
เลเซอร์	le0-soe2
ประดิษฐาน	pra1-dit1-sa1-than4
ไสยศาสตร์	sai4-ya3-sat1
พรสวรรค์	phon0-sa1-wan4
กาญจน์	kan0
กาญจนบุรี	kan0-cha1-na3-bu1-ri0
สมัชชา	sa1-mat3-cha0
จันทน์	chan0
มันแกว	man0-kaeo0
อบรม	op1-rom0
สฤษดิ์	sa1-rit1
แวดวง	waet2-wong0
วิกลจริต	wi3-kon0-cha1-rit1
นาฏศิลป์	nat2-ta1-sin4
สัตยาบัน	sat1-ta1-ya0-ban0
ผักตบชวา	phak1-top1-cha3-wa0
คลินิก	khli3-nik1
อินเทอร์เน็ต	in0-thoe0-net3
วัฏจักร	wat3-ta1-chak1
โลกทัศน์	lok2-ka1-that3
จรวด	cha1-ruat1
สาธารณูปโภค	sa4-tha0-ra3-nu0-pa1-phok2
อรรถกถา	at1-tha1-ka1-tha4
อรรถ	at1
บุษกร	but1-sa1-kon0
รามเกียรติ์	ram0-ma3-kian0
ผลิตผล	pha1-lit1-ta1-phon4
ไอยรา	ai0-ya3-ra0
โทร-	tho0-ra3
เอกอัครราชทูต	ek1-ak1-khra3-rat2-cha3-thut2
ประสูติ	pra1-sut1
อัจฉริยะ	at1-cha1-ri3-ya3
คณบดี	kha3-na3-bo0-di0
กิจวัตร	kit1-cha1-wat3
สระบุรี	sa1-ra1-bu1-ri0
เถรวาท	the4-ra3-wat2
สุนทรพจน์	sun4-tho0-ra3-phot3
นายกเทศมนตรี	na0-yok3-thet2-sa1-mon0-tri0
เทศมนตรี	thet2-sa1-mon0-tri0
จักรวรรดิ	chak1-kra1-wat1
พิศวง	phit3-sa1-wong0
ข่มเหง	khom1-heng4
พลวัต	phon0-la3-wat3
วรรณศิลป์	wan0-na3-sin4
ปรมาณู	po0-ra3-ma0-nu0
อัศวิน	at1-sa1-win0
ตรรกะ	tak1-ka1
ตรรก	tak1-ka1
ธัญพืช	than0-ya3-phuet2
วิจารณญาณ	wi3-cha0-ra3-na3-yan0
ภยันตราย	pha3-yan0-ta1-rai0
เสวนา	se4-wa3-na0
อุป-	u1-pa1
องุ่น	a1-ngun1
ทรยศ	tho0-ra3-yot3
เมขลา	mek2-kha1-la4
บุพการี	bup1-pha3-ka0-ri0
วรรณยุกต์	wan0-na3-yuk3
ธรรมนูญ	tham0-ma3-nun0
พสกนิกร	pha3-sok1-ni3-kon0
อักขระ	ak1-kha1-ra1
มัสลิน	mat3-sa1-lin0
มิสเตอร์	mit3-toe2
อัฟกานิสถาน	af1-ka0-ni3-sa1-than4
มหาดเล็ก	ma3-hat1-lek3
วิปริต	wi3-pa1-rit1
ปฐมภูมิ	pa1-thom4-ma3-phum0
ทุพพลภาพ	thup3-phon0-la3-phap2
ปริ-	pa1-ri3
ธรณี	tho0-ra3-ni0
บุษบา	but1-sa1-ba0
เอก-	ek1-ka1
กาลเทศะ	ka0-la3-the0-sa1
อาตมา	at1-ta1-ma0
ฉนวน	cha1-nuan4
ชนวน	cha3-nuan0
โศกนาฏกรรม	sok1-ka1-nat2-ta1-kam0
สามเณร	sam4-ma3-nen0
ประทุษร้าย	pra1-thut3-sa1-rai3
เนรมิต	ne0-ra3-mit3
เนรเทศ	ne0-ra3-thet2
ตุรกี	tu1-ra3-ki0
ประวัติการ	pra1-wat1-ti1-kan0
มร-	mo0-ra3
จัตุรัส	chat1-tu1-rat1
ชนนี	chon0-na3-ni0
วิทยฐานะ	wit3-tha3-ya3-tha4-na3
หวงแหน	huang4-haen4
เทศนา	thet2-sa1-na4
วัฒนะ	wat3-tha3-na3
อัปลักษณ์	ap1-pa1-lak3
กีรติ	ki0-ra3-ti1
แพทยศาสตร์	phaet2-tha3-ya3-sat1
ตรัสรู้	trat1-sa1-ru3
กาฬสินธุ์	ka0-la3-sin4
รัตนา	rat3-ta1-na0
ศาสดา	sat1-sa1-da0
อุบัติภัย	u1-bat1-ti1-phai0
สัตวแพทย์	sat1-ta1-wa3-phaet2
สารคาม	sa4-ra3-kham0
มหาสารคาม	ma3-ha4-sa4-ra3-kham0
เมทริกซ์	me0-thrik3
สุขภัณฑ์	suk1-kha1-phan0
เวกเตอร์	wek2-toe2
จุลภาค	chun0-la3-phak2
ชุลมุน	chun0-la3-mun0
เทรด	thret1
รูปพรรณ	rup2-pa1-phan0
ศาสน-	sat1-sa1-na3
เอร็ด	a1-ret1
โทรทรรศน์	tho0-ra3-that3
วิกฤติการณ์	wi3-krit1-ti1-kan0
โปสเตอร์	pot1-toe2
อำมาตย์	am0-mat1
กิตติมศักดิ์	kit1-ti1-ma3-sak1
พัทลุง	phat3-tha3-lung0
อาคเนย์	a0-kha3-ne0
กาญจน-	kan0-cha1-na3
อุปราช	u1-pa1-rat2
อบายมุข	a1-bai0-ya3-muk3
นมัสการ	na3-mat3-sa1-kan0
นิร-	ni3-ra3
หฤทัย	ha1-rue3-thai0
วัชระ	wat3-cha3-ra3
ทัศนียภาพ	that3-sa1-ni0-ya3-phap2
ขรุขระ	khru1-khra1
อร่าม	a1-ram1
ราชบัณฑิตยสถาน	rat2-cha3-ban0-dit1-ta1-ya3-sa1-than4
เฮลิคอปเตอร์	he0-li3-khop2-toe2
ภูมิประเทศ	phu0-mi3-pra1-thet2
อุตรดิตถ์	ut1-ta1-ra3-dit1
สมรภูมิ	sa1-mo4-ra3-phum0
ขยาย	kha1-yai4
เพชรบูรณ์	phet3-cha3-bun0
ชัยภูมิ	chai0-ya3-phum0
สมณะ	sa1-ma3-na3
สมถะ	sa1-ma3-tha1
ทันตแพทย์	than0-ta1-phaet2
สมาชิกภาพ	sa1-ma0-chik3-ka1-phap2
สาธารณ-	sa4-tha0-ra3-na3
กอปร	kop1
จิตรลดา	chit1-tra1-la3-da0
เภตรา	phe0-tra0
เชาวน์	chao0
พลศึกษา	pha3-la3-suek1-sa4
มัสยิด	mat3-sa1-yit3
สุคติ	su1-kha3-ti1
ถลอก	tha1-lok1
ครุภัณฑ์	kha3-ru3-phan0
ครุศาสตร์	kha3-ru3-sat1
กรรมพันธุ์	kam0-ma3-phan0
ราชูปถัมภ์	ra0-chu0-pa1-tham4
วินาศภัย	wi3-nat2-sa1-phai0
วินาศกรรม	wi3-nat2-sa1-kam0
โจรกรรม	cho0-ra3-kam0
ขีปนาวุธ	khi4-pa1-na0-wut3
วัชพืช	wat3-cha3-phuet2
อดีตกาล	a1-dit1-ta1-kan0
อดีตชาติ	a1-dit1-ta1-chat2
บรมวงศ์	bo0-rom0-ma3-wong0
ไฮโดรเจน	hai0-dro0-chen0
สารพัน	sa4-ra3-phan0
อนุโมทนา	a1-nu3-mo0-tha3-na0
ปรมาจารย์	po0-ra3-ma0-chan0
คุณูปการ	khu3-nu0-pa1-kan0
เภสัช-	phe0-sat1-cha3
พรหมลิขิต	phrom0-ma3-li3-khit1
ผลึก	pha1-luek1
สุขลักษณะ	suk1-kha1-lak3-sa1-na1
ปริปาก	pri1-pak1
จิตรา	chit1-tra0
อภัยโทษ	a1-phai0-ya3-thot2
โสมนัส	som4-ma3-nat3
เบญจ-	ben0-cha1
สุนทรียะ	sun4-tha3-ri0-ya3
สุนทรียภาพ	sun4-tha3-ri0-ya3-phap2
สุนทรี	sun4-tha3-ri0
บุตรี	but1-tri0
อัต-	at1-ta1
โหม	hom4
โหมโรง	hom4-rong0
นิทรา	nit3-tra0
จักรราศี	chak1-kra1-ra0-si4
ขมา	kha1-ma0
เทพยดา	thep2-pha3-ya3-da0
รัฐประศาสนศาสตร์	rat3-tha1-pra1-sat1-sa1-na3-sat1
สาธยาย	sat1-tha3-yai0
วาติกัน	wa0-ti1-kan0
อารยัน	a0-ra3-yan0
อรรถ-	at1-tha1
อัจฉริยภาพ	at1-cha1-ri3-ya3-phap2
พิศวาส	phit3-sa1-wat2
กากบาท	ka0-ka1-bat1
ภูมิอากาศ	phu0-mi3-a0-kat1
เพชฌฆาต	phet3-cha3-khat2
อึกทึก	uek1-ka1-thuek3
อนาถ	a1-nat1
หิมพานต์	him4-ma3-phan0
คหบดี	kha3-ha1-bo0-di0
ตั๊กแตน	tak3-ka1-taen0
ครหา	kho0-ra3-ha4
เอิกเกริก	oek1-ka1-roek1
พิทยา	phit3-tha3-ya0
จิตเวช	chit1-ta1-wet2
อเนก	a1-nek1
อเนกประสงค์	a1-nek1-pra1-song4
โหร	hon4
สุริยุปราคา	su1-ri3-yup3-pa1-ra0-kha0
จันทรุปราคา	chan0-thrup3-pa1-ra0-kha0
จัตวา	chat1-ta1-wa0
นานัปการ	na0-nap3-pa1-kan0
ทัศน-	that3-sa1-na3
ทัศนาจร	that3-sa1-na0-chon0
กัลยาณมิตร	kan0-la3-ya0-na3-mit3
สมาพันธรัฐ	sa1-ma0-phan0-tha3-rat3
ทรหด	tho0-ra3-hot1
ทรราช	tho0-ra3-rat2
จริยศาสตร์	cha1-ri3-ya3-sat1
พุทรา	phut3-sa0
เถระ	the4-ra3
จุลทรรศน์	chun0-la3-that3
กุศลกรรม	ku1-son4-la3-kam0
อกุศลกรรม	a1-ku1-son4-la3-kam0
ทุรกันดาร	thu3-ra3-kan0-dan0
พัลวัน	phan0-la3-wan0
เกียรติศักดิ์	kiat1-ti1-sak1
ทศพิธราชธรรม	thot3-sa1-phit3-rat2-cha3-tham0
กุลสตรี	kun0-la3-sa1-tri0
อยุติธรรม	a1-yut3-ti1-tham0
กรมธรรม์	krom0-ma3-than0
สัตหีบ	sat1-ta1-hip1
ยมทูต	yom0-ma3-thut2
อลหม่าน	on0-la3-man1
รัฐบุรุษ	rat3-tha1-bu1-rut3
แหน	haen4
พาณิชยกรรม	pha0-nit3-cha3-ya3-kam0
วนอุทยาน	wa3-na3-ut1-tha3-yan0
โหน	hon4
กายกรรม	kai0-ya3-kam0
นพรัตน์	nop3-pha3-rat3
ยุทโธปกรณ์	yut3-tho0-pa1-kon0
อักขรวิธี	ak1-kha1-ra1-wi3-thi0
กรกฎ	ko0-ra3-kot1
อิสริยยศ	it1-sa1-ri3-ya3-yot3
ปฐมวัย	pa1-thom4-ma3-wai0
บดินทร์	bo0-din0
สกรีน	sa1-krin0
อาราธนา	a0-rat2-tha3-na0
ฌาปนกิจ	cha0-pa1-na3-kit1
ดรรชนี	dat1-cha3-ni0
สารท	sat1
เจษฎา	chet1-sa1-da0
กรรมวิบาก	kam0-ma3-wi3-bak1
สาทร	sa4-thon0
ขนัด	kha1-nat1
นารถ	nat2
อัฐิ	at1-thi1
ธรรมจักร	tham0-ma3-chak1
พิสมัย	phit3-sa1-mai4
พิพิธภัณฑสถาน	phi3-phit3-tha3-phan0-tha3-sa1-than4
สรีระ	sa1-ri0-ra3
สรีรวิทยา	sa1-ri0-ra3-wit3-tha3-ya0
โขยง	kha1-yong4
กำแหง	kam0-haeng4
แสม	sa1-mae4
เคหสถาน	khe0-ha1-sa1-than4
สารถี	sa4-ra3-thi4
สารบบ	sa4-ra3-bop1
โหระพา	ho4-ra3-pha0
ยาสลบ	ya0-sa1-lop1
สิงสถิต	sing4-sa1-thit1
คุณศัพท์	khun0-na3-sap1
มฤตยู	ma3-ruet3-ta1-yu0
อารย-	a0-ra3-ya3
อัฒจันทร์	at1-tha1-chan0
บพิตร	bo0-phit3
ทัศนา	that3-sa1-na0
อัมพฤกษ์	am0-ma3-phruek3
พฤกษ-	phruek3-sa1
พฤกษา	phruek3-sa4
ดุษฎี	dut1-sa1-di0
ดุษฎีบัณฑิต	dut1-sa1-di0-ban0-dit1
สังคายนา	sang4-kha0-ya3-na0
จิตวิสัย	chit1-ta1-wi3-sai4
จิตบำบัด	chit1-ta1-bam0-bat1
ปรมาภิไธย	po0-ra3-ma0-phi3-thai0
บวรนิเวศ	bo0-won0-ni3-wet2
อันตรธาน	an0-ta1-ra3-than0
ศรีสัชนาลัย	si4-sat1-cha3-na0-lai0
กาลสมัย	ka0-la3-sa1-mai4
อัคนี	ak1-kha3-ni0
สมนาคุณ	som4-ma3-na0-khun0
โภคทรัพย์	phok2-kha3-sap3
สุรัสวดี	su1-rat3-sa1-wa3-di0
นพคุณ	nop3-pha3-khun0
อัป-	ap1-pa1
ปาณาติบาต	pa0-na0-ti1-bat1
จำรัส	cham0-rat1
จุลศักราช	chun0-la3-sak1-ka1-rat1
ปฐมนิเทศ	pa1-thom4-ma3-ni3-thet2
เทว-	the0-wa3
อนารยชน	a1-na0-ra3-ya3-chon0
พลานามัย	pha3-la0-na0-mai0
กระปรี้กระเปร่า	kra1-pri2-kra1-prao1
กระดี๊กระด๊า	kra1-di3-kra1-da3
แหม	mae4
โหล	lo4
งูสวัด	ngu0-sa1-wat1
อาศรม	a0-som4
โสร่ง	sa1-rong1
สลักเสลา	sa1-lak1-sa1-lao4
ขนอน	kha1-non4
ฉมวก	cha1-muak1
สรณะ	sa1-ra3-na3
อัครมเหสี	ak1-kha3-ra3-ma3-he4-si4
อัครราชทูต	ak1-kha3-ra3-rat2-cha3-thut2
กุศโลบาย	ku1-sa1-lo0-bai0
บุษบก	but1-sa1-bok1
บรรพ-	ban0-pha3
บรรพชิต	ban0-pha3-chit3
บรรพชา	ban0-pha3-cha0
พจมาน	phot3-cha1-man0
ทินกร	thin0-na3-kon0
อัจฉรา	at1-cha1-ra0
อุตริ	ut1-ta1-ri1
โทมนัส	thom0-ma3-nat3
ยมราช	yom0-ma3-rat2
ยมบาล	yom0-ma3-ban0
อุตลุด	ut1-ta1-lut1
วัตรปฏิบัติ	wat3-tra1-pa1-ti1-bat1
สัพยอก	sap1-pha3-yok2
สนน	sa1-non4
วัยวุฒิ	wai0-ya3-wut3
โสน	sa1-no4
สารีริกธาตุ	sa4-ri0-rik3-ka1-that2
สารบรรณ	sa4-ra3-ban0
มัสมั่น	mat3-sa1-man1
จักรภพ	chak1-kra1-phop3
วัฏสงสาร	wat3-ta1-song4-san4
สุลต่าน	sun4-la3-tan1
จันทรคติ	chan0-thra3-kha3-ti1
สุริยคติ	su1-ri3-ya3-kha3-ti1
กลับตาลปัตร	klap1-ta0-la3-pat1
อรัญประเทศ	a1-ran0-ya3-pra1-thet2
ธัญบุรี	than0-ya3-bu1-ri0
ปฐพี	pa1-tha1-phi0
ปฐวี	pa1-tha1-wi0
ภูติ	phut2
สัจนิยม	sat1-cha1-ni3-yom0
สหัสวรรษ	sa1-hat1-sa1-wat3
เปรียญ	pa1-rian0
สักหลาด	sak1-ka1-lat1
กุลบุตร	kun0-la3-but1
นาวิกโยธิน	na0-wik3-ka1-yo0-thin0
จารกรรม	cha0-ra3-kam0
สวรรคโลก	sa1-wan4-kha3-lok2
วิปโยค	wip3-pa1-yok2
อกตัญญู	a1-ka1-tan0-yu0
กตัญญู	ka1-tan0-yu0
ปรสิต	pa1-ra3-sit1
ลัคนา	lak3-kha3-na0
วิสาขบูชา	wi3-sa4-kha1-bu0-cha0
มาฆบูชา	ma0-kha3-bu0-cha0
อาสาฬหบูชา	a0-san4-ha1-bu0-cha0
สุขศึกษา	suk1-kha1-suek1-sa4
รัตนะ	rat3-ta1-na3
สัปดน	sap1-pa1-don0
สัปเหร่อ	sap1-pa1-roe1
จริยวัตร	cha1-ri3-ya3-wat3
จั๊กจี้	chak3-ka1-chi2
อนุรักษนิยม	a1-nu3-rak3-sa1-ni3-yom0
สารทุกข์สุกดิบ	sa4-ra3-thuk3-suk1-dip1
ราชสมบัติ	rat2-cha3-som4-bat1
อัปสร	ap1-son4
อัปรีย์	ap1-pri0
อบายภูมิ	a1-bai0-ya3-phum0
กลเม็ด	kon0-la3-met3
ปฐมฤกษ์	pa1-thom4-ma3-roek2
อาสนะ	a0-sa1-na3
ธุร-	thu3-ra3
ธุรการ	thu3-ra3-kan0
บุพบท	bup1-pha3-bot1
อมรินทร์	a1-ma3-rin0
อนิจกรรม	a1-nit3-cha1-kam0
อสัญกรรม	a1-san4-ya3-kam0
เสลด	sa1-let1
คฤหบดี	kha3-rue3-ha1-bo0-di0
นาฏกรรม	nat2-ta1-kam0
อาถรรพณ์	a0-than4
กายสิทธิ์	kai0-ya3-sit1
จักจั่น	chak1-ka1-chan1
ตริตรอง	tri1-trong0
นาคราช	nak2-kha3-rat2
อหิวาตกโรค	a1-hi1-wa0-ta1-ka1-rok2
เถลไถล	tha1-le4-tha1-lai4
อัสนี	at1-sa1-ni0
อลเวง	on0-la3-weng0
ทัณฑสถาน	than0-tha3-sa1-than4
โกฏิ	kot1
การบูร	ka0-ra3-bun0
เสลา	sa1-lao4
กมลา	ka1-ma3-la0
สาวิตรี	sa4-wit3-tri0
ปรโลก	po0-ra3-lok2
วิสัชนา	wi3-sat1-cha3-na0
ศากยมุนี	sak1-ka1-ya3-mu3-ni0
กัมปนาท	kam0-pa1-nat2
อมฤต	a1-ma3-rit3
วิตถาร	wit3-ta1-than4
อนาธิปไตย	a1-na0-thip3-pa1-tai0
จิตนิยม	chit1-ta1-ni3-yom0
มัธยฐาน	mat3-tha3-ya3-than4
ขมีขมัน	kha1-mi4-kha1-man4
นักขัตฤกษ์	nak3-khat1-ta1-roek2
สารภี	sa4-ra3-phi0
ดุริยางคศิลป์	du1-ri3-yang0-kha3-sin4
เนรคุณ	ne0-ra3-khun0
ผอบ	pha1-op1
พฤตินัย	phruet3-ti1-nai0
สมัญญา	sa1-man0-ya0
ขรม	kha1-rom4
ผรุสวาท	pha1-ru3-sa1-wat2
อาตมภาพ	at1-ta1-ma3-phap2
ฉันทาคติ	chan4-tha0-kha3-ti1
พจนีย์	phot3-cha1-ni0
กลศาสตร์	kon0-la3-sat1
สารนิเทศ	sa4-ra3-ni3-thet2
ทศนิยม	thot3-sa1-ni3-yom0
แพศยา	phaet2-sa1-ya4
อมนุษย์	a1-ma3-nut3
รัษฎากร	rat3-sa1-da0-kon0
อายุรเวช	a0-yu3-ra3-wet2
อายุรเวท	a0-yu3-ra3-wet2
อายุรศาสตร์	a0-yu3-ra3-sat1
กามโรค	kam0-ma3-rok2
อุปโลกน์	u1-pa1-lok1
ราชินูปถัมภ์	ra0-chi3-nu0-pa1-tham4
ปูชนียบุคคล	pu0-cha3-ni0-ya3-buk1-khon0
อนาทร	a1-na0-thon0
สัสดี	sat1-sa1-di0
อลวน	on0-la3-won0
สักวา	sak1-ka1-wa0
อัสดง	at1-sa1-dong0
ปรนัย	po0-ra3-nai0
มัณฑนศิลป์	man0-tha3-na3-sin4
สารบัญ	sa4-ra3-ban0
อะลุ้มอล่วย	a1-lum3-a1-luai1
สมาบัติ	sa1-ma0-bat1
สาธารณูปการ	sa4-tha0-ra3-nu0-pa1-kan0
มะเขือพวง	ma3-khuea4-phuang0
สัปหงก	sap1-pa1-ngok1
ยุพราช	yup3-pha3-rat2
พัศดี	phat3-sa1-di0
สายสิญจน์	sai4-sin4
พิศดาร	phit3-sa1-dan0
อินทผลัม	in0-tha3-pha1-lam0
ขัดสมาธิ	khat1-sa1-mat1
กาลกิณี	ka0-la3-ki1-ni0
ปฏิปทา	pa1-ti1-pa1-tha0
กัมมันตรังสี	kam0-man0-ta1-rang0-si4
ธรรมราช	tham0-ma3-rat2
สระแก้ว	sa1-kaeo2
สระว่ายน้ำ	sa1-wai2-nam3
สระน้ำ	sa1-nam3
สระบัว	sa1-bua0
สระผม	sa1-phom4
